,Title,Published_date,Views,Likes,Comments,month
0,AI: A Customer Service Revolution?,2023-05-26 12:00:21+00:00,2450,88,24,5
1,Beginner Kaggle Data Science Project Walk-Through (Housing Prices) | With ChatGPT,2023-05-16 12:00:25+00:00,10775,474,49,5
2,How I Would Learn Data Science with AI (If I Could Start Over),2023-05-04 12:04:56+00:00,20503,907,59,5
3,This AI question will determine our future,2023-04-06 13:00:32+00:00,3936,252,37,4
4,I'll Never Code the Same Again... (GPT-4 is OP),2023-04-03 13:00:27+00:00,69208,780,77,4
5,Your current portfolio is actually hurting you #shorts,2023-03-30 13:00:37+00:00,4232,240,2,3
6,"Traditional ""networking"" is stupid. Do THIS instead #shorts",2023-03-27 13:00:41+00:00,4575,248,3,3
7,you're job searching wrong. #shorts,2023-03-23 13:00:35+00:00,3259,198,3,3
8,The Economics of Data Roles #shorts,2023-03-21 13:00:15+00:00,5117,334,5,3
9,Why your phone knows everything you say #shorts,2023-03-18 13:00:42+00:00,2459,114,8,3
10,Read these for a successful career. #shorts,2023-03-16 01:19:35+00:00,2513,206,2,3
11,Is Your Phone Actually Listening to You? #shorts,2023-03-09 13:00:01+00:00,2262,44,5,3
12,How I Realized I Was a Bad Manager #shorts,2023-03-07 13:00:11+00:00,2398,114,1,3
13,How I Use ChatGPT as a Data Scientist (4-5 hrs Saved Per Week),2023-03-03 13:00:07+00:00,18042,691,52,3
14,Why I Quit Data Science... and then crawled back #shorts,2023-03-01 13:00:17+00:00,5894,202,8,3
15,The Best Place to Look for Data Science Opportunities #shorts,2023-02-27 13:00:32+00:00,2222,147,2,2
16,Learning On the companies dime #shorts,2023-02-24 17:00:13+00:00,2806,160,1,2
17,The Best Way to Transition to Data Science? #shorts,2023-02-21 17:13:47+00:00,3346,225,6,2
18,Avoid this Massive Data Science Learning Mistake #shorts,2023-02-17 13:00:03+00:00,5221,308,6,2
19,Don't Go into Data for the Money #shorts,2023-02-15 10:00:37+00:00,3443,207,12,2
20,So you're doing your first data science project...,2023-02-13 13:00:36+00:00,4951,297,22,2
21,How to Approach Applying for a Data Role #shorts,2023-02-08 13:00:39+00:00,3500,233,7,2
22,The Hard Reality of Data Science Work #shorts,2023-02-06 19:35:25+00:00,9077,596,9,2
23,How Much Money Does a Data Scientist Make? #shorts,2023-02-03 12:00:03+00:00,4048,166,6,2
24,These 3 Things Make Data Science Special #shorts,2023-02-01 12:00:12+00:00,3869,293,6,2
25,Will Data Science Be Automated? #shorts,2023-01-27 11:00:44+00:00,6457,318,7,1
26,Is Data Science A Good Fit For You? #shorts,2023-01-25 11:00:05+00:00,4645,270,9,1
27,5 Books I Wish I Read Earlier In My Career,2023-01-23 15:31:48+00:00,8485,483,49,1
28,How To Start Working on Data Science Projects (As a Beginner) #shorts,2023-01-19 07:00:06+00:00,4156,429,10,1
29,What Data Science Tool Would I Learn First? #shorts,2023-01-17 07:00:12+00:00,6059,451,10,1
30,How long does it take to become a Data Scientist? #shorts,2023-01-12 11:45:02+00:00,4949,403,6,1
31,Where & how to start your Data Science Journey #shorts,2023-01-09 00:35:13+00:00,6328,389,2,1
32,How I Would NOT Learn Data Science in 2023.,2023-01-03 13:00:34+00:00,113069,3793,238,1
33,The Greatest Data Science Event You Never Heard Of  [Behind The Scenes],2022-12-14 13:00:23+00:00,4662,195,28,12
34,The Essential Programming Concepts For Learning Data Science,2022-11-14 13:00:02+00:00,19435,824,46,11
35,The Data Content House: What You Missed,2022-10-07 13:00:04+00:00,10259,343,50,10
36,Is Data Science A Good Career?,2022-09-29 20:40:31+00:00,55702,1793,130,9
37,IRON ANALYST (Teaser) #shorts,2022-09-27 17:21:13+00:00,5533,360,24,9
38,When a New Data Scientist Joins The Team,2022-08-29 13:00:01+00:00,16113,738,133,8
39,State of Data Science - Web Data,2022-08-05 20:20:04+00:00,10385,359,34,8
40,Data Science Town Hall - State of Data Science,2022-08-04 18:34:49+00:00,9913,378,38,8
41,The Programming Roadmap For Data Science,2022-07-29 14:31:33+00:00,25664,1247,64,7
42,5 Impactful Data Science Projects For Your Portfolio,2022-06-27 13:00:10+00:00,61363,2490,91,6
43,Machine Learning Saves My Baseball Career?,2022-06-10 13:00:00+00:00,7399,336,68,6
44,Every Data Scientist... (funny!),2022-05-24 13:00:07+00:00,16025,839,146,5
45,State of Data Science (Town Hall) ft - Data Squad,2022-05-07 22:43:20+00:00,15948,431,65,5
46,Data Science Portfolio Project From Scratch | Building a YouTube Data Dashboard with Streamlit,2022-04-04 13:00:16+00:00,50128,1355,85,4
47,Why You Are NOT Landing Data Jobs ... Yet,2022-03-25 13:00:38+00:00,19990,848,109,3
48,Data Scientists VS NFT Scam,2022-03-03 13:00:36+00:00,4556,189,52,3
49,When a PM Joins the Data Team... (funny!) - Ft @LukeBarousse,2022-02-21 13:00:03+00:00,10950,509,144,2
50,What Professional Data Scientists ACTUALLY Do,2022-02-14 13:00:31+00:00,91853,3204,185,2
51,Can You Analyze My Data Better Than I Can?,2022-01-31 13:00:11+00:00,7031,320,62,1
52,Giving Back to My Most Engaged Subscribers!,2022-01-28 13:00:01+00:00,2309,119,89,1
53,How to Make $1 Billion Betting on Horse Racing with Machine Learning,2022-01-24 13:00:09+00:00,23539,766,106,1
54,Should You Be Excited About Web 3? (As a Data Scientist),2022-01-17 13:00:00+00:00,8744,422,85,1
55,Should  @LukeBarousse Take This Data Analyst Job? (Funny) #Shorts,2022-01-14 10:00:02+00:00,8419,250,33,1
56,The Only Data Science Explanation You Need,2022-01-10 13:00:33+00:00,48304,2078,170,1
57,We Need to Talk About The LinkedIn Machine Learning Assessment.,2022-01-03 13:00:35+00:00,14331,644,144,1
58,How I Would Learn Data Science in 2022 (If I Had to Start Over),2021-12-27 13:00:34+00:00,334179,14783,536,12
59,What the Heck is WSL 2? (My New Favorite Tool),2021-12-17 14:00:01+00:00,10583,397,65,12
60,How Statistics Saved the US SERIOUS $$$$ During WW2 #Shorts,2021-12-10 13:00:22+00:00,7909,564,25,12
61,How Zillow Lost $500 MILLION With Machine Learning,2021-12-03 13:00:14+00:00,24165,1170,147,12
62,Why Is Data Engineering So HOT Right Now?,2021-11-26 13:00:22+00:00,29119,1091,141,11
63,Is Data Science Dying?,2021-11-19 13:00:01+00:00,118793,3763,359,11
64,7 Incredible Books That Transformed My Health and My Life,2021-11-12 13:00:04+00:00,7973,389,112,11
65,Why EVERYONE Should Start a Podcast (Including YOU),2021-11-05 13:00:23+00:00,3616,203,48,11
66,Building a Burrito Dashboard - Data Science Project from Scratch with atoti,2021-10-29 12:00:01+00:00,12052,277,38,10
67,ML Ops: What is it REALLY?,2021-10-22 13:00:00+00:00,6306,273,65,10
68,Business Skills for Data Science: What are they REALLY?,2021-10-18 13:00:27+00:00,6664,297,50,10
69,#66DaysOfData Round 3 Live Event! (feat. @statquest),2021-10-12 16:05:54+00:00,2201,123,5,10
70,Roasting My First Data Science Project (Common Project Mistakes),2021-10-08 13:00:15+00:00,5827,277,64,10
71,Is Data Visualization Important for Data Science? (A Data Scientist's Perspective),2021-08-20 13:00:20+00:00,12655,530,112,8
72,Project Presentation - Expectations vs. Reality (funny) #shorts,2021-08-07 14:00:11+00:00,10038,428,32,8
73,Data Science Project - Expectations vs Reality (funny) #shorts,2021-08-06 23:04:24+00:00,40059,1559,30,8
74,How I Learned to Learn.,2021-07-31 13:00:26+00:00,50488,2349,209,7
75,Is Spotify Shuffle Really Random? #Shorts,2021-07-21 13:00:21+00:00,10129,570,50,7
76,I Eat a Papaya Live on Stream (Plus Q&A for 150K Subs!),2021-07-16 21:30:26+00:00,2374,93,30,7
77,Why are APIs Important for Data Science?,2021-07-09 13:00:32+00:00,9504,446,95,7
78,Is Your Phone REALLY Listening to You?,2021-07-03 13:00:31+00:00,5142,278,116,7
79,Kaggle vs Github - Which is Best for Your Data Science Portfolio?,2021-06-25 13:00:12+00:00,14174,574,120,6
80,#66DaysOfData - 3 Reasons to Start!,2021-06-18 13:00:32+00:00,4066,225,41,6
81,#66DaysOfData - What is it? #shorts,2021-06-11 12:48:29+00:00,8889,383,54,6
82,A Quick Data Science Project Tip! #SHORTS,2021-06-03 13:00:06+00:00,16439,1004,89,6
83,Discouraged with Data Science? - Watch THIS video.,2021-05-28 13:00:02+00:00,7401,392,195,5
84,How Data Science Projects Pay Off,2021-05-22 13:30:03+00:00,10467,590,146,5
85,How I Use Data to Optimize My Life | What I Collect & How I Analyze It,2021-05-14 13:00:03+00:00,10462,485,134,5
86,What is a lambda function (python)? #shorts,2021-05-13 00:38:55+00:00,14615,909,49,5
87,Why Kaggle Should Be Your Favorite Data Science Resource #shorts,2021-05-07 13:00:30+00:00,26098,1400,59,5
88,What is Pandas? (Data & Data Science) #shorts,2021-04-30 13:00:07+00:00,22765,1157,87,4
89,The 7 Biggest Data Science  Beginner Mistakes,2021-04-23 13:00:14+00:00,75780,3383,281,4
90,Data Scientist Reacts: REAL Data Science Job Application Data,2021-04-16 13:00:00+00:00,23312,688,85,4
91,Why You Probably Won't Become a Data Scientist,2021-04-09 13:00:31+00:00,136051,3994,482,4
92,How to Go From Data Analyst to Data Scientist,2021-04-02 13:00:14+00:00,52524,1506,173,4
93,Why I Have 2 Offices for Data Science & Content Creation,2021-03-26 13:00:03+00:00,3951,138,92,3
94,MARCH MADNESS - Will My Machine Learning Model Beat Your Bracket?,2021-03-19 13:00:32+00:00,18097,350,108,3
95,My Regrets as a Data Science Student,2021-03-12 13:00:27+00:00,23735,877,112,3
96,My Daily Battle With Time - Will I Win? [Vlog],2021-03-08 13:00:06+00:00,3815,196,83,3
97,What is the Future of my Comment Leaderboard Project?,2021-02-26 14:00:15+00:00,5549,201,81,2
98,How to Build a Website  - Building my ULTIMATE Portfolio Website,2021-02-19 13:00:14+00:00,6543,172,51,2
99,Why I Quit Data Science,2021-02-12 13:00:19+00:00,104302,2341,348,2
100,ðŸŒ¶ Hot Topics in Tech: Data Science Explained #SHORTS,2021-01-29 13:00:06+00:00,10532,545,116,1
101,How I Balance Data Science and Content Creation (7 Secrets),2021-01-23 14:00:30+00:00,6983,295,126,1
102,Kaggle Project From Scratch - Part 3 (Advanced Graphs & Gender Imbalance Analysis),2021-01-16 14:00:10+00:00,9401,298,52,1
103,Kaggle Project From Scratch - Part 2 (Exploratory Data Analysis),2021-01-08 13:00:16+00:00,21823,693,134,1
104,Kaggle Project From Scratch - Part 1 (Data Science Profession Survey),2021-01-02 14:00:26+00:00,36372,1129,147,1
105,What is the #66DaysOfData?,2020-12-26 14:00:31+00:00,68987,2307,210,12
106,How I Would Learn Data Science in 2021 (What Has Changed?),2020-12-19 14:00:01+00:00,131111,5973,494,12
107,Unboxing the Ultimate Z by HP Data Science Package (FIRST EVER HP Workstation w/ Data Science Stack),2020-12-10 13:00:09+00:00,10739,395,136,12
108,I Built the FIRST EVER YouTube Subscriber LEADERBOARD,2020-12-07 14:00:11+00:00,23300,723,328,12
109,7 Things to Look For in a Masters For Data Science (feat. @TinaHuang1),2020-11-20 13:00:26+00:00,26879,833,167,11
110,6 Lessons from #66DaysOfData,2020-11-13 13:00:02+00:00,6690,340,93,11
111,100K Channel Update + AMA Stream!,2020-11-12 17:34:26+00:00,2318,127,24,11
112,Find a Data Science Project With These 3 Techniques,2020-11-06 13:00:13+00:00,16547,719,106,11
113,How I Chose My Masters Degree for Breaking into Data Science,2020-10-30 14:00:07+00:00,25950,659,156,10
114,git for Data Science Made Simple... (Hopefully),2020-10-23 15:00:10+00:00,18542,843,92,10
115,The PODCAST you might have asked for?,2020-10-19 15:00:11+00:00,2101,94,44,10
116,Dealing with Doubt in Data Science (My Impostor Syndrome Story),2020-10-16 15:00:18+00:00,6671,446,113,10
117,Advice from a Data Analytics CEO (@How to Get an Analytics Job) - KNN EP. 17,2020-10-14 15:00:11+00:00,13696,402,48,10
118,Data Science Resume Round-Up With @Tina Huang  | Episode 3,2020-10-12 15:00:00+00:00,6597,141,62,10
119,5 Unusual Data Science Projects that Will Land You a Job,2020-10-09 15:00:09+00:00,10767,549,83,10
120,Sh*t Data Scientists Say (Parody),2020-10-05 15:00:08+00:00,9379,575,143,10
121,5 Proven Strategies to Break into a Data Science Job,2020-10-02 15:00:08+00:00,8572,366,93,10
122,Why Data-Viz is so Darn Important (@Story by Data | Kate Strachnyi) - KNN EP. 16,2020-09-30 15:00:09+00:00,7046,289,61,9
123,Data Science Resume Round-Up With @TinaHuang1  - Episode 1,2020-09-28 15:00:04+00:00,11368,288,69,9
124,5 Essential Data Science Projects for Your Portfolio,2020-09-26 15:00:06+00:00,71360,3064,208,9
125,His Startup Will Land You a Data Science Job (Jeremie Harris) - KNN EP. 15,2020-09-23 15:00:02+00:00,5162,196,64,9
126,Reviewing Your Data Science Projects - Episode 21(The Cleanest Portfolio),2020-09-21 15:00:03+00:00,10935,442,58,9
127,"Hedge Funds, Startups, and Data Science Oh my! (@DataLeap) - KNN EP. 14",2020-09-18 16:00:10+00:00,7364,250,34,9
128,Land a Data Science Job in a Different Country (Vijay Pravin Maharajan) - KNN EP. 13,2020-09-16 15:00:24+00:00,5082,193,56,9
129,Reviewing Your Data Science Projects - Episode 20 (Bootcamp Capstone),2020-09-14 15:00:00+00:00,4145,157,35,9
130,The 5 Pillars of Success I Live By,2020-09-11 15:00:11+00:00,10111,873,152,9
131,Fast Cars to Faster Data (Alex Castrounis) - KNN EP. 12,2020-09-09 15:00:12+00:00,1884,78,25,9
132,Reviewing Your Data Science Projects - Episode 19 (One Big Improvement),2020-09-07 15:00:30+00:00,3991,161,43,9
133,How I Learn Data Science Through Studying Other People's Code | #66DaysOfData,2020-09-04 15:00:00+00:00,11697,733,144,9
134,How She Dominated the FAANG Data Science Interview  (@TinaHuang1 ) - KNN EP. 11,2020-09-02 15:00:13+00:00,17828,567,89,9
135,Reviewing Your Data Science Projects - Episode 18 (Job-Worthy GitHub),2020-08-31 15:00:15+00:00,17549,786,93,8
136,Why I'm Starting Data Science Over Again.,2020-08-29 15:30:10+00:00,50653,2605,450,8
137,Inside the Mind of the Ultimate Kaggle Grandmaster (@Abhishek Thakur ) - KNN EP. 10,2020-08-26 15:00:03+00:00,14917,622,76,8
138,Reviewing Your Data Science Projects - Episode 17 (Best Portfolio Website Yet?),2020-08-24 15:00:31+00:00,12590,453,55,8
139,Don't Buy My Course..,2020-08-21 16:00:32+00:00,7321,357,146,8
140,How a Subscriber Landed a Data Analyst Job in Less Than a Year (Ray Ojel) - KNN EP. 09,2020-08-19 15:00:11+00:00,28961,1109,166,8
141,Reviewing Your Projects - Episode 16 (Project Review for Beginners),2020-08-17 15:00:07+00:00,3209,128,40,8
142,Data Scientist Dismantles the YouTube Algorithm.,2020-08-14 15:00:31+00:00,6280,535,108,8
143,Sports Analytics & Streaming Data Science on Twitch (Nick Wan) - KNN EP. 08,2020-08-12 15:30:26+00:00,4919,184,39,8
144,Reviewing Your Data Science Projects - Episode 15 (Quant Finance),2020-08-10 15:00:08+00:00,11280,366,53,8
145,The Plagiarism Problem in Data Science,2020-08-07 15:00:16+00:00,13027,630,145,8
146,Interview with the Director of AI Research @ NVIDIA (Anima Anandkumar) - KNN EP. 07,2020-08-05 15:00:09+00:00,14314,601,89,8
147,Reviewing Your Data Science Projects - Episode 14 [Deep Learning Focus],2020-08-03 15:00:08+00:00,4869,187,56,8
148,My First Data Science Contracting Side-Gig (How I Did It),2020-07-31 14:30:01+00:00,11248,577,90,7
149,Do You Have a Data Science Mentor? (@Danny Ma) - KNN EP. 06,2020-07-30 01:00:10+00:00,2305,116,34,7
150,Reviewing Your Data Science Projects - Episode 13 (BONUS LinkedIn Review),2020-07-27 15:00:30+00:00,5548,251,112,7
151,Building a Deep Learning BEAST (NVIDIA TITAN RTX + RYZEN 3900X),2020-07-24 15:00:11+00:00,8156,247,200,7
152,Is it Important to Share Your Data Science Work? (Ft. Eric Weber),2020-07-22 15:00:05+00:00,1847,98,27,7
153,Reviewing Your Data Science Resumes - Episode 12 (3 Different Resumes!),2020-07-20 15:00:08+00:00,28672,559,90,7
154,Beginner Kaggle Data Science Project Walk-Through (Titanic),2020-07-17 16:00:05+00:00,306150,6895,410,7
155,Uber Driver to Machine Learning Engineer in 9 Months! (@Daniel Bourke) - KNN EP. 05,2020-07-16 02:00:09+00:00,30058,1121,121,7
156,Reviewing Your Data Science Projects - Episode 11(GITHUB CLEANING),2020-07-13 16:00:01+00:00,3606,135,50,7
157,The Best Computer for Data Science Beginners,2020-07-10 16:00:09+00:00,36773,840,157,7
158,Should You Major in Data Science? (Jaemin Lee) - KNN EP. 04,2020-07-08 21:00:09+00:00,6136,228,82,7
159,Critiquing MY OWN Data Science Resume,2020-07-06 16:00:30+00:00,12545,396,88,7
160,Where to Start Learning Data Science,2020-07-03 16:00:04+00:00,18531,780,126,7
161,"Data Science Productivity, Motivation, and Organization (ft. Data Professor & Codebasics)",2020-07-01 15:00:12+00:00,4079,197,37,7
162,Reviewing Your Data Science Projects - Episode 10 (Leveraging Your Data),2020-06-29 15:00:08+00:00,4548,178,54,6
163,How to Get a Data Science Job at FAANG (@Data Science Jay) - KNN EP. 03,2020-06-26 15:00:10+00:00,15948,547,79,6
164,Reviewing Your Data Science Projects - Episode 9 (Professional Violinist),2020-06-22 13:00:03+00:00,2391,82,40,6
165,"Ken Jee Q & A Live Stream (50,000 Sub Special!)",2020-06-20 02:09:18+00:00,2378,139,49,6
166,Reviewing Your Data Science Projects - Episode 8 (College Student Help),2020-06-15 13:00:12+00:00,4307,168,46,6
167,Why You're Struggling to Learn Data Science,2020-06-12 13:00:17+00:00,15180,1010,159,6
168,Reviewing Your Data Science Projects - Episode 7 (Incredible Portfolio Website),2020-06-08 13:00:21+00:00,11274,350,70,6
169,The State of Data Science with Krish Naik & The Data Professor [Panel Discussion],2020-06-05 13:00:26+00:00,23144,674,146,6
170,Reviewing Your Data Science Projects - Episode 6 (Only 3 months of coding experience),2020-06-01 13:00:32+00:00,5686,156,53,6
171,How to Build a Data Science Portfolio Website with Hugo & Github Pages [feat. Data Professor],2020-05-29 13:00:21+00:00,67900,2113,267,5
172,Reviewing Your Data Science Projects - Episode 5 (Very Detailed Project),2020-05-25 13:00:13+00:00,20937,489,81,5
173,Different Data Science Roles Explained (by a Data Scientist),2020-05-22 13:01:09+00:00,53403,1916,176,5
174,Reviewing Your Data Science Projects - Episode 4 (Resume & Github),2020-05-18 13:00:22+00:00,11215,178,55,5
175,How to Make A Data Science Portfolio Website with Github Pages,2020-05-15 13:30:00+00:00,120413,4192,192,5
176,10000 Subscriber and 100th Video Special (Data Science),2020-05-13 13:00:17+00:00,3097,146,115,5
177,Reviewing Your Data Science Projects - Episode 3 (Student Portfolio),2020-05-11 13:00:33+00:00,4470,153,74,5
178,How I Would Learn Data Science (If I Had to Start Over),2020-05-08 13:00:03+00:00,1388554,48980,1997,5
179,Reviewing Your Data Science Projects - Episode 2 (Resume and Portfolio),2020-05-04 13:00:12+00:00,5446,195,42,5
180,What You Need to Know for a Data Science Internship,2020-05-01 13:00:10+00:00,20883,1151,59,5
181,Reviewing Your Data Science Projects - Episode 1 (Exploratory Analysis),2020-04-27 13:00:10+00:00,8292,348,54,4
182,What It's Like to be a Socially Distanced Data Scientist (A Day in the Life),2020-04-24 13:00:32+00:00,14965,460,103,4
183,Data Science in Sports - Talk for Northwestern (Kellogg) MBA Students,2020-04-22 13:00:30+00:00,3088,85,24,4
184,5 Tips for Crushing the Work From Home Life,2020-04-20 13:00:04+00:00,5380,202,38,4
185,Data Science Project from Scratch - Part 7 (Documenting Your Work),2020-04-17 13:00:04+00:00,19285,703,126,4
186,Data Science Project from Scratch -  Part 6 (Putting the Model into Production),2020-04-15 13:00:32+00:00,26881,699,98,4
187,Data Science Project from Scratch  - Part 5 (Model Building),2020-04-13 13:00:03+00:00,40678,855,151,4
188,Data Science Project from Scratch - Part 4 (Exploratory Data Analysis),2020-04-10 13:00:15+00:00,67516,1814,211,4
189,Data Science Project from Scratch - Part 3 (Data Cleaning),2020-04-08 13:00:19+00:00,73845,1670,270,4
190,Data Science Project from Scratch - Part 2 (Data Collection),2020-04-06 13:00:07+00:00,113877,3237,611,4
191,Data Science Project from Scratch - Part 1 (Project Planning),2020-04-03 13:00:12+00:00,172643,4575,170,4
192,When Data Science Goes Wrong,2020-03-30 13:00:06+00:00,1795,105,32,3
193,How to ULTRALEARN Data Science,2020-03-27 13:00:02+00:00,61356,3819,169,3
194,Why Right NOW is a Great Time to Learn Data Science,2020-03-23 13:00:30+00:00,4356,267,50,3
195,Data Science Project Example Start to Finish (Deep Learning Image Classifier),2020-03-20 13:00:22+00:00,12547,462,45,3
196,The Secret Data Scientists Don't Want You to Know,2020-03-16 13:00:23+00:00,10623,1137,105,3
197,The 5 Stages of Learning Data Science,2020-03-13 13:00:26+00:00,17339,1295,78,3
198,Can You Learn Data Science Without a Computer?,2020-03-11 13:00:03+00:00,1591,107,14,3
199,The Best Free Data Science Courses Nobody is Talking About,2020-03-09 13:00:04+00:00,341167,21030,618,3
200,The Data Science Projects that Got Me a Job,2020-03-06 14:00:11+00:00,40218,1391,41,3
201,How to Integrate Data Science into Your Business,2020-03-02 14:00:01+00:00,3353,127,18,3
202,The Problem with Data Science,2020-02-28 14:00:07+00:00,3765,155,19,2
203,How Much Did Cheating Help the Astros Win? (What the Numbers Say),2020-02-24 14:00:00+00:00,1137,45,16,2
204,How to Set Up Your Data Science Environment (Anaconda Beginner),2020-02-21 14:00:02+00:00,119726,2343,99,2
205,3 Proven Data Science Projects for Beginners (Kaggle),2020-02-17 14:00:04+00:00,319910,17573,519,2
206,Data Science Advice for College Students,2020-02-14 17:22:37+00:00,68626,1956,197,2
207,Avoid These Data Science Resume Mistakes!,2020-02-10 15:52:59+00:00,27813,1226,60,2
208,Data Science Explained with ... Cooking?,2020-02-07 15:56:55+00:00,5092,310,48,2
209,The 4 Types of Sports Analytics Projects,2020-02-03 16:35:19+00:00,29060,957,60,2
210,Data Science in Golf: PGA Merchandise Show 2020,2020-01-31 18:50:23+00:00,574,18,13,1
211,How I Learned Data Science,2020-01-27 14:41:18+00:00,93422,2677,210,1
212,What is Sports Analytics Really?,2020-01-20 14:00:00+00:00,20377,597,73,1
213,Data Science Certificate vs Bootcamp vs Masters Degree,2020-01-18 01:03:08+00:00,109646,3110,577,1
214,How To Learn Programming for Data Science [3 Steps],2020-01-13 16:48:44+00:00,29859,1976,96,1
215,Data Science Fundamentals: SQL Queries,2020-01-10 19:15:01+00:00,6216,210,35,1
216,Questions You Should Ask Your Data Science Interviewers,2020-01-06 14:00:04+00:00,3088,149,14,1
217,The 9 Books That Changed My Perspective in 2019,2020-01-03 14:45:28+00:00,3356,179,25,1
218,The Data Science Interview: What to Expect,2019-12-30 14:00:01+00:00,8359,374,32,12
219,5 Data Science Resolutions for 2020,2019-12-27 14:00:07+00:00,474,25,12,12
220,How to Scrape NBA Data Using the nba_api Python Module,2019-12-23 12:59:47+00:00,16186,569,92,12
221,Collision Course: Sports Betting + Data Science,2019-12-20 14:00:02+00:00,16598,479,27,12
222,3 Reasons You Should NOT Become a Data Scientist,2019-12-16 18:46:58+00:00,100683,2939,204,12
223,5 Sports Analytics Books to Get You Started,2019-12-13 14:00:01+00:00,10404,394,57,12
224,Math Needed for Mastering Data Science,2019-12-09 14:00:15+00:00,55739,2845,222,12
225,The 5 Stages of Data Science Adoption,2019-12-06 14:00:04+00:00,1307,68,17,12
226,How YOU Can Land a Sports Analytics Job,2019-12-02 14:00:05+00:00,67151,2997,230,12
227,Data Science Fundamentals: Linear Regression,2019-11-29 14:00:02+00:00,6238,171,42,11
228,Golf: Would You Rather Be the LONGEST or STRAIGHTEST Driver on the PGA Tour?,2019-11-25 14:00:11+00:00,1021,50,12,11
229,Sports Analytics 101: The Pythagorean Theorem of Sports,2019-11-22 14:00:06+00:00,5840,265,26,11
230,9 Ways You Can Make Extra Income as a Data Scientist,2019-11-18 15:34:12+00:00,45803,1748,80,11
231,Applying Data Science To My YouTube Data: My Surprising Findings,2019-11-11 21:12:11+00:00,5895,136,31,11
232,Why Selling Is An Important Data Science Skill,2019-11-04 14:57:00+00:00,1603,79,13,11
233,By The Numbers: Where Should The NBA Put a 4 Point Line?,2019-10-21 16:38:58+00:00,2770,73,18,10
234,Why is Balance Important in Data Science?,2019-10-16 17:40:34+00:00,695,32,13,10
235,How to Stay Productive & Motivated When Learning Data Science,2019-09-29 00:29:59+00:00,11728,578,54,9
236,How Far Should the NBA 3-Point Line Actually Be?,2019-09-21 23:04:57+00:00,3702,113,31,9
237,6 Habits of Successful Data Scientists,2019-09-13 04:40:51+00:00,2185,94,17,9
238,How To Build A Word Cloud From Scraped Data (Python),2019-09-04 01:32:06+00:00,4319,97,9,9
239,Thank You For The Support | What's Next | Ken Jee | Data Science,2019-08-26 12:42:32+00:00,518,24,29,8
240,Is Data Science Right For You?,2019-08-18 16:54:05+00:00,50026,1165,109,8
241,Data Science Fundamentals: Data Cleaning in Python,2019-08-11 20:50:23+00:00,14538,387,55,8
242,How To Get Data Science Experience (Without a Job),2019-08-08 01:58:40+00:00,29012,1378,75,8
243,Take Your Data Science Projects From Good to Great,2019-08-05 02:34:28+00:00,1587,107,11,8
244,The Projects You Should Do To Get A Data Science Job,2019-07-30 03:35:48+00:00,148370,5669,253,7
245,What Does a Data Scientist Actually Do?,2019-07-19 03:18:04+00:00,44694,1238,84,7
246,Data Science Fundamentals: Data Manipulation in Python (Pandas),2019-07-13 21:09:41+00:00,12718,349,42,7
247,Data Science Fundamentals: Data Exploration in Python (Pandas),2019-07-05 14:29:49+00:00,17503,521,61,7
248,Data Science: Pros and Cons,2019-06-30 15:26:49+00:00,5135,213,18,6
249,How I Got My First Data Science Internship (And How You Can Land One),2019-06-21 04:33:34+00:00,24151,1170,89,6
250,My Top 5 Data Science Internship Tips,2019-06-15 15:28:26+00:00,11713,487,23,6
251,Golf STATS: Strokes Gained Explained,2019-06-07 03:10:34+00:00,7092,147,28,6
252,Most Data Science Hopefuls Overlook This Important Skill,2019-05-25 18:34:33+00:00,612,44,5,5
253,What I Learned From My Three Degrees,2019-05-17 03:10:29+00:00,1242,60,12,5
254,I Wish I Had Known THIS Before Starting in Data Science,2019-05-14 00:21:28+00:00,25587,1069,68,5
255,NASA Physicist Turned Data Scientist (Tim Bowling) - KNN EP. 02,2019-05-05 20:26:36+00:00,1229,40,2,5
256,Should You Learn R for Data Science?,2019-04-25 15:00:01+00:00,20355,546,69,4
257,Scrape Twitter Data in Python with Twitterscraper Module,2019-04-18 15:00:14+00:00,46249,853,336,4
258,Work From Home Data Scientist: Day in the Life,2019-04-12 15:00:00+00:00,28009,761,101,4
259,Where to Look for Data Science Jobs,2019-03-29 16:00:01+00:00,2995,121,9,3
260,Data Science: Startup vs. Large Corporation,2019-03-21 17:00:01+00:00,2091,75,4,3
261,"Data Science, Machine Learning, and AI: What's the Difference?",2019-03-16 14:00:04+00:00,6053,170,26,3
262,Was Captain Marvel Bad? A Sentiment Analysis of Twitter Data,2019-03-09 21:58:10+00:00,4143,180,15,3
263,Why You DON'T Want to be a WFH Data Scientist,2019-03-03 22:14:01+00:00,793,33,12,3
264,Welcome To My Channel | Ken Jee | Data Science,2019-03-03 01:00:17+00:00,1417,35,8,3
265,Where YOU Should Start With Data Science Projects,2019-02-19 03:23:50+00:00,16021,329,17,2
266,Watch This Before Applying to Data Science Jobs,2019-02-04 23:40:34+00:00,1480,66,13,2
267,My Top 5 Data Science Resources for 2019,2019-01-05 22:07:08+00:00,3674,121,17,1
268,IT'S NOT TOO LATE TO LEARN CODE!,2018-12-18 02:01:15+00:00,825,37,6,12
269,The Best Way to Predict NBA Minutes Played,2018-12-11 02:39:35+00:00,4149,106,14,12
270,Demystifying Data Science Roles,2018-11-30 01:22:49+00:00,1124,53,5,11
271,How to Simulate NBA Games in Python,2018-11-19 23:31:49+00:00,17407,386,54,11
272,Should You Get A Masters in Data Science?,2018-11-14 01:39:33+00:00,20456,304,138,11
273,How I Became A Data Scientist From a Business Background,2018-11-12 00:26:08+00:00,6374,197,23,11
274,Predicting Season Long NBA Wins Using Multiple Linear Regression,2018-07-10 16:39:52+00:00,8528,193,17,7
275,Predicting Crypto-Currency Price Using RNN lSTM & GRU,2017-11-18 20:04:51+00:00,18741,292,41,11
